"package","fun","calls","files","sources"
"sf","c",1523,103,"example+test+vignette"
"terra","[",641,118,"example+test"
"sf","st_sfc",568,84,"example+test+vignette"
"sf","st_point",464,74,"example+test+vignette"
"terra","rast",452,259,"example+test"
"sf","[",431,56,"example+test+vignette"
"sf","$",427,44,"example+test+vignette"
"stars","c",393,55,"example+test+vignette"
"geos","c",388,22,"example+test"
"sf","list",374,56,"example+test+vignette"
"sf","plot",329,33,"example+test+vignette"
"terra","values",326,116,"example+test"
"stars","[",280,48,"example+test+vignette"
"sf","matrix",236,43,"example+test+vignette"
"terra","vect",208,108,"example+test"
"sf","st_crs",205,38,"example+test+vignette"
"sf","st_read",205,45,"example+test+vignette"
"sf","st_linestring",189,42,"example+test+vignette"
"sf","rbind",187,44,"example+test+vignette"
"terra","plot",173,78,"example"
"stars","plot",164,37,"example+test+vignette"
"sf","st_sf",162,48,"example+test+vignette"
"tmap","+",156,31,"example"
"sf","st_cast",148,16,"example+test+vignette"
"stars","st_as_stars",148,47,"example+test+vignette"
"gdalraster","deleteDataset",143,43,"example+test"
"sf","st_as_sfc",139,34,"example+test+vignette"
"sf","st_polygon",132,40,"example+test+vignette"
"stars","read_stars",127,48,"example+test+vignette"
"sf","st_geometry",122,37,"example+test+vignette"
"sf","st_write",122,10,"example+test+vignette"
"geos","geos_write_wkt",118,11,"example+test"
"terra","ncell",117,78,"example+test"
"gdalraster","g_wk2wk",113,13,"example+test+vignette"
"terra","ext",112,47,"example+test"
"sf","st_as_sf",102,37,"example+test+vignette"
"geos","as_geos_geometry",96,21,"example+test"
"gdalraster","gdal_version_num",90,39,"example+test+vignette"
"terra","!",89,11,"example+test"
"terra","nrow",89,28,"example+test"
"sf","st_transform",88,37,"example+test+vignette"
"terra","cbind",88,49,"example+test"
"tmap","tm_shape",88,30,"example"
"s2","s2_options",87,6,"example+test"
"s2","s2_cell",83,3,"example+test"
"stars","st_dimensions",80,24,"example+test+vignette"
"stars","st_bbox",78,24,"example+test+vignette"
"gdalraster","gdal_compute_version",77,39,"example+test+vignette"
"terra","[[",77,23,"example+test"
"s2","expect_wkt_equal",76,6,"test"
"gdalraster","g_create",75,12,"example+test+vignette"
"s2","as_s2_geography",75,9,"test"
"terra","round",73,12,"example+test"
"terra","extract",72,9,"example+test"
"gdalraster","epsg_to_wkt",71,15,"example+test+vignette"
"terra","names",70,30,"example+test"
"s2","s2_area",67,5,"example+test"
"sf","st_multilinestring",67,23,"example+test+vignette"
"sf","st_bbox",66,20,"example+test+vignette"
"stars","print",66,15,"example+test"
"sf","cbind",65,21,"example+test+vignette"
"sf","print",65,19,"example+test+vignette"
"sf","st_geometrycollection",64,21,"example+test+vignette"
"sf","st_multipoint",63,22,"example+test+vignette"
"terra","rbind",63,27,"example+test"
"sf","st_buffer",59,15,"example+test+vignette"
"stars","st_as_sfc",59,19,"example+test+vignette"
"gdalraster","ogr_def_field",57,6,"example+test+vignette"
"sf","guess_driver",56,1,"test"
"sf","data.frame",54,28,"example+test+vignette"
"stars","list",53,22,"example+test+vignette"
"terra","lines",53,27,"example"
"gdalraster","print",49,23,"example+test+vignette"
"stars","st_crs",49,19,"example+test+vignette"
"s2","s2_lnglat",48,11,"example+test"
"tmap","tm_polygons",48,20,"example"
"gdalraster","set_config_option",47,15,"example+test+vignette"
"stars","aggregate",47,7,"example+test+vignette"
"stars","read_ncdf",47,9,"example+test+vignette"
"gdalraster","g_equals",46,2,"test"
"geos","geos_read_wkt",46,9,"example+test"
"sf","st_z_range",45,2,"example+test"
"terra","as.numeric",45,13,"example+test"
"geos","geos_geometry",44,5,"test"
"terra","crs",44,22,"example+test"
"s2","s2_data_countries",43,13,"example+test"
"gdalraster","ogr_ds_create",42,8,"example+test+vignette"
"sf","st_precision",42,7,"example+test"
"stars","st_set_dimensions",42,17,"example+test+vignette"
"sf","st_multipolygon",41,20,"example+test+vignette"
"geos","new_geos_geometry",40,5,"test"
"geos","geos_version",39,8,"example+test"
"terra","netw",39,6,"example+test"
"sf","sf_extSoftVersion",38,17,"example+test"
"sf","st_intersects",37,11,"example+test+vignette"
"terra","spatSample",37,9,"example+test"
"terra","tile_apply",37,3,"example+test"
"gdalraster","create",36,6,"example+test+vignette"
"gdalraster","plot_raster",36,17,"example+test+vignette"
"stars","all.equal",36,17,"example+test"
"sf","st_collection_extract",35,4,"example+test"
"gdalraster","g_area",34,3,"example+test"
"gdalraster","is_los_visible",34,2,"example+test"
"stars","dim",34,18,"example+test+vignette"
"terra","focal",34,5,"example+test"
"vapour","vapour_read_geometry_text",34,6,"example+test+vignette"
"gdalraster","ogr_layer_field_names",33,4,"example+test+vignette"
"s2","as_s2_cell",33,5,"example+test"
"sf","rep",33,17,"example+test+vignette"
"stars","matrix",33,20,"example+test+vignette"
"gdalraster","ogr_reproject",32,3,"example+test+vignette"
"gdalraster","pixel_extract",32,2,"example+test"
"gdalraster","vsi_stat",32,10,"example+test+vignette"
"s2","s2_intersects",32,7,"example+test"
"gdalraster","ogr_def_field_domain",31,1,"test"
"sf","st_sample",31,4,"example+test"
"terra","t",31,11,"example+test"
"terra","time",31,6,"example+test"
"sf","read_sf",30,15,"example+test+vignette"
"sf","st_area",30,13,"example+test+vignette"
"sf","st_set_crs",30,16,"example+test+vignette"
"sf","st_set_precision",30,3,"test"
"sf","st_union",29,11,"example+test+vignette"
"stars","image",29,12,"example+test+vignette"
"terra","tessellate",29,2,"example+test"
"sf","st_as_binary",28,12,"example+test+vignette"
"sf","st_as_text",28,11,"example+test+vignette"
"terra","expanse",28,7,"example+test"
"gdalraster","g_name",27,4,"example+test"
"gdalraster","plot",27,5,"example+test+vignette"
"terra","relate",27,3,"example+test"
"vapour","vapour_read_raster",27,4,"example+test+vignette"
"gdalraster","calc",26,7,"example+test"
"stars","st_apply",26,6,"example+test+vignette"
"terra","%in%",26,11,"example+test"
"s2","new_s2_cell",25,2,"test"
"s2","s2_num_points",25,5,"example+test"
"sf","st_make_grid",25,8,"example+test"
"stars","st_as_sf",25,12,"example+test+vignette"
"terra","classify",25,11,"example+test"
"terra","nlyr",25,15,"example+test"
"terra","project",25,10,"example+test"
"gdalraster","bbox_from_wkt",24,8,"example+test+vignette"
"gdalraster","bbox_to_wkt",24,6,"example+test+vignette"
"gdalraster","g_is_3D",24,2,"example+test"
"gdalraster","g_is_measured",24,2,"example+test"
"gdalraster","g_transform",24,5,"example+test+vignette"
"gdalraster","ogr_field_create",24,4,"example+test+vignette"
"s2","s2_is_empty",24,4,"example+test"
"sf","st_distance",24,10,"example+test+vignette"
"sf","st_intersection",24,11,"example+test+vignette"
"sf","summary",24,9,"example+test+vignette"
"stars","st_extract",24,4,"example+test"
"gdalraster","read_ds",23,5,"example+test"
"sf","dim",23,6,"test"
"sf","st_centroid",23,13,"example+test+vignette"
"terra","patches",23,3,"example+test"
"gdalraster","vsi_unlink",22,14,"example+test+vignette"
"s2","print",22,5,"test"
"s2","s2_snap_level",22,5,"example+test"
"sf","st_is_valid",22,8,"example+test+vignette"
"stars","st_downsample",22,4,"example+test"
"terra","points",22,13,"example"
"terra","predict",22,4,"example"
"terra","text",22,12,"example"
"terra","unique",22,8,"example+test"
"vapour","vapour_warp_raster",22,4,"example+test"
"gdalraster","createCopy",21,9,"example+test+vignette"
"gdalraster","g_is_empty",21,3,"example+test"
"gdalraster","ogr_layer_create",21,5,"example+test+vignette"
"gdalraster","rvector_to_MEM",21,2,"example+test"
"s2","s2_union",21,4,"example+test"
"sf","st_as_grob",21,5,"example+test"
"sf","st_difference",21,10,"example+test+vignette"
"sf","st_interpolate_aw",21,3,"example+test"
"stars","as.data.frame",21,4,"test+vignette"
"terra","levels",21,9,"example+test"
"terra","net_nedges",21,4,"example+test"
"terra","net_nnodes",21,4,"example+test"
"gdalraster","dt_size",20,3,"example+test"
"gdalraster","ogr_execute_sql",20,3,"example+test+vignette"
"gdalraster","srs_is_same",20,7,"example+test"
"gdalraster","srs_to_wkt",20,3,"example+test"
"geos","geos_equals",20,4,"test"
"sf","st_coordinates",20,7,"example+test"
"sf","st_layers",20,7,"example+test+vignette"
"stars","st_transform",20,10,"example+test+vignette"
"terra","crds",20,8,"example+test"
"terra","net_weights",20,4,"example+test"
"vapour","vapour_geom_summary",20,5,"example+test+vignette"
"vapour","vapour_read_names",20,5,"example+test"
"gdalraster","g_build_collection",19,2,"example+test"
"gdalraster","transform_bounds",19,2,"example+test"
"gdalraster","vsi_read_dir",19,6,"example+test+vignette"
"geos","geos_area",19,4,"example+test"
"s2","s2_distance",19,4,"example+test"
"s2","s2_geography_writer",19,1,"test"
"sf","write_sf",19,6,"test+vignette"
"terra","crop",19,6,"example+test"
"gdalraster","g_build_polygon_from_edges",18,2,"example+test"
"gdalraster","g_coords",18,5,"example+test"
"gdalraster","g_intersects",18,2,"example+test"
"gdalraster","g_within",18,1,"test"
"s2","s2_as_text",18,6,"example+test"
"s2","s2_cell_sentinel",18,1,"test"
"s2","s2_rebuild",18,1,"test"
"sf","gdal_utils",18,3,"example+test"
"sf","st_zm",18,4,"example+test+vignette"
"stars","st_get_dimension_values",18,7,"example+test+vignette"
"terra","as.polygons",18,15,"example+test"
"terra","init",18,12,"example+test"
"terra","metags",18,2,"example+test"
"terra","shortestPath",18,4,"example+test"
"terra","subst",18,4,"example+test"
"terra","terrain",18,11,"example+test"
"terra","zonal",18,4,"example+test"
"gdalraster","g_add_geom",17,2,"example+test"
"gdalraster","g_difference",17,4,"example+test"
"gdalraster","g_is_valid",17,2,"example+test"
"gdalraster","g_overlaps",17,2,"example+test"
"gdalraster","g_set_3D",17,2,"example+test"
"gdalraster","g_set_measured",17,2,"example+test"
"gdalraster","geos_version",17,5,"example+test"
"gdalraster","ogr_layer_test_cap",17,3,"example+test+vignette"
"geos","[",17,4,"test"
"sf","numeric",17,2,"test"
"stars","st_warp",17,5,"example+test+vignette"
"terra","writeRaster",17,6,"example+test"
"vapour","vapour_read_extent",17,5,"example+test+vignette"
"gdalraster","g_contains",16,2,"example+test"
"gdalraster","gdal_run",16,3,"example+test"
"gdalraster","inv_project",16,2,"example+test"
"gdalraster","rasterToVRT",16,2,"example+test"
"geos","geos_write_wkb",16,2,"test"
"s2","s2_cell_parent",16,4,"test"
"s2","s2_intersects_box",16,2,"example+test"
"stars","as.Date",16,11,"example+test"
"terra","rev",16,5,"example"
"vapour","vapour_read_attributes",16,3,"test"
"gdalraster","g_disjoint",15,1,"test"
"gdalraster","g_distance",15,2,"example+test"
"gdalraster","gdal_formats",15,8,"example+test"
"gdalraster","gdal_usage",15,3,"example+test"
"gdalraster","gdal_version",15,7,"example+test"
"gdalraster","ogr2ogr",15,6,"example+test+vignette"
"gdalraster","transform_xy",15,4,"example+test"
"s2","s2_cell_union",15,1,"test"
"s2","s2_is_collection",15,3,"example+test"
"sf","aggregate",15,4,"example+test+vignette"
"sf","st_is",15,5,"example+test"
"sf","st_length",15,8,"example+test+vignette"
"sf","st_relate",15,6,"example+test+vignette"
"sf","st_segmentize",15,6,"example+test+vignette"
"supercells","supercells",15,6,"example+test"
"terra","ncol",15,13,"example+test"
"gdalraster","g_buffer",14,4,"example+test"
"gdalraster","g_centroid",14,5,"example+test+vignette"
"gdalraster","ogr_field_rename",14,3,"example+test+vignette"
"geos","geos_geometry_writer",14,1,"test"
"geos","geos_inner_join_keys",14,2,"example+test"
"s2","s2_contains",14,2,"example+test"
"s2","s2_intersection",14,3,"example+test"
"s2","s2_point",14,2,"test"
"sf","sf.colors",14,6,"example+test+vignette"
"sf","sf_use_s2",14,3,"test+vignette"
"sf","st_drivers",14,5,"example+test"
"sf","st_equals",14,7,"example+test+vignette"
"sf","st_nearest_points",14,4,"example+test"
"stars","array",14,5,"example+test+vignette"
"stars","split",14,8,"example+test+vignette"
"terra","aggregate",14,5,"example+test"
"terra","centroids",14,6,"example+test"
"terra","global",14,7,"example+test"
"terra","mean",14,8,"example+test"
"terra","sort",14,6,"example+test"
"tmap","tmap_mode",14,5,"example"
"vapour","vapour_read_fields",14,3,"example+vignette"
"gdalraster","g_crosses",13,1,"test"
"gdalraster","g_make_valid",13,2,"example+test"
"gdalraster","g_touches",13,1,"test"
"gdalraster","gdal_alg",13,2,"test"
"gdalraster","get_cache_max",13,3,"example+test"
"gdalraster","ogr_ds_exists",13,3,"example+test+vignette"
"gdalraster","ogr_ds_layer_names",13,4,"example+test+vignette"
"gdalraster","ogr_layer_delete",13,2,"test+vignette"
"gdalraster","ogr_proc",13,3,"example+test+vignette"
"geos","geos_strtree",13,2,"test"
"s2","as_s2_point",13,5,"example+test"
"s2","s2_covers",13,2,"example+test"
"sf","as.data.frame",13,10,"example+test+vignette"
"sf","text",13,5,"example+test"
"stars","write_stars",13,7,"example+test+vignette"
"terra","as.matrix",13,7,"example+test"
"terra","autocor",13,3,"example+test"
"terra","freq",13,4,"example+test"
"vapour","vapour_read_geometry",13,5,"example+test+vignette"
"gdalraster","g_geom_count",12,2,"example+test"
"gdalraster","mdim_as_classic",12,3,"example+test"
"gdalraster","ogr_def_layer",12,6,"example+test+vignette"
"gdalraster","ogr_ds_add_field_domain",12,2,"test"
"gdalraster","rasterFromRaster",12,7,"example+test"
"geos","geos_empty",12,3,"example+test"
"s2","as_s2_lnglat",12,3,"test"
"s2","s2_data_cities",12,8,"example+test"
"sf","map",12,6,"example+test+vignette"
"sf","st_join",12,3,"example+test+vignette"
"sf","st_line_sample",12,3,"example+test"
"stars","merge",12,5,"example+test+vignette"
"terra","app",12,5,"example+test"
"terra","distance",12,1,"example"
"terra","ifel",12,6,"example+test"
"terra","proj_pipelines",12,2,"example+test"
"terra","xmin",12,4,"example+test"
"gdalraster","g_length",11,3,"example+test+vignette"
"gdalraster","gdal_commands",11,2,"example+test"
"gdalraster","ogr_ds_test_cap",11,5,"example+test+vignette"
"gdalraster","ogr_field_set_domain_name",11,2,"test"
"gdalraster","ogr_geom_field_create",11,1,"test"
"gdalraster","ogrinfo",11,4,"example+test+vignette"
"geos","character",11,5,"test"
"geos","geos_buffer",11,2,"example+test"
"geos","geos_make_polygon",11,2,"example+test"
"geos","geos_set_precision",11,2,"test"
"geos","geos_unnest",11,2,"example+test"
"geos","geos_write_hex",11,1,"test"
"s2","s2_equals",11,2,"example+test"
"sf","gdal_metadata",11,2,"example+test"
"sf","st_agr",11,5,"example+test+vignette"
"sf","st_overlaps",11,6,"example+test+vignette"
"sf","st_simplify",11,3,"example+test"
"stars","st_rasterize",11,3,"example+test+vignette"
"stars","st_sample",11,5,"example+test"
"terra","geom",11,8,"example+test"
"terra","head",11,10,"example"
"terra","is.valid",11,4,"example+test"
"terra","sds",11,9,"example+test"
"tmap","tm_borders",11,7,"example"
"vapour","vapour_raster_info",11,6,"example+test+vignette"
"gdalraster","buildRAT",10,6,"example+test+vignette"
"gdalraster","dt_find_for_value",10,2,"example+test"
"gdalraster","dt_is_signed",10,3,"example+test"
"gdalraster","g_intersection",10,2,"example+test"
"gdalraster","getCreationOptions",10,3,"example+test+vignette"
"gdalraster","ogr_ds_layer_count",10,3,"example+test"
"gdalraster","vsi_rmdir",10,6,"example+test+vignette"
"geos","geos_basic_strtree_insert",10,2,"example+test"
"s2","is.na",10,5,"test"
"s2","s2_bounds_cap",10,2,"example+test"
"s2","s2_bounds_rect",10,2,"example+test"
"s2","s2_cell_union_contains",10,1,"test"
"s2","s2_data_timezones",10,3,"example+test"
"s2","s2_difference",10,4,"example+test"
"s2","s2_make_polygon",10,3,"example+test"
"s2","unlist",10,2,"example+test"
"sf","guess_driver_can_write",10,1,"test"
"sf","sf_proj_info",10,3,"example+test"
"sf","st_is_within_distance",10,3,"example+test"
"stars","adrop",10,7,"test+vignette"
"stars","st_geometry",10,7,"example+test+vignette"
"stars","st_redimension",10,5,"test"
"terra","as.lines",10,5,"example"
"terra","getTileExtents",10,2,"example+test"
"terra","net_nodes",10,3,"example+test"
"terra","plet",10,1,"example"
"terra","res",10,6,"example+test"
"terra","update",10,2,"example+test"
"tmap","qtm",10,2,"example"
"tmap","tm_rgb",10,2,"example"
"gdalraster","dt_is_complex",9,2,"example+test"
"gdalraster","dt_is_floating",9,2,"example+test"
"gdalraster","dt_is_integer",9,2,"example+test"
"gdalraster","g_boundary",9,2,"example+test"
"gdalraster","g_concave_hull",9,2,"example+test"
"gdalraster","g_delaunay_triangulation",9,3,"example+test"
"gdalraster","g_envelope",9,1,"test"
"gdalraster","g_sym_difference",9,2,"example+test"
"gdalraster","g_union",9,2,"example+test"
"gdalraster","gdal_run_piped",9,3,"example+test"
"gdalraster","get_config_option",9,5,"example+test+vignette"
"gdalraster","identifyDriver",9,2,"example+test"
"gdalraster","ogr_field_delete",9,3,"example+test+vignette"
"gdalraster","ogr_layer_exists",9,1,"test"
"gdalraster","polygonize",9,2,"example+test"
"gdalraster","vsi_mkdir",9,4,"example+test"
"geos","geos_clip_by_rect",9,1,"test"
"geos","geos_is_empty",9,5,"example+test"
"geos","wk_crs",9,3,"test"
"s2","s2_boundary",9,3,"example+test"
"s2","s2_centroid",9,2,"example+test"
"s2","s2_coverage_union_agg",9,2,"example+test"
"s2","s2_dwithin",9,2,"example+test"
"s2","s2_geog_from_text",9,4,"example+test"
"s2","s2_geog_from_wkb",9,4,"example+test"
"s2","s2_sym_difference",9,2,"example+test"
"s2","s2_union_agg",9,1,"test"
"s2","s2_within",9,2,"example+test"
"sf","st_convex_hull",9,4,"example+test+vignette"
"sf","st_is_empty",9,7,"example+test"
"sf","st_nearest_feature",9,3,"example+test"
"sf","st_polygonize",9,5,"example+test+vignette"
"sf","st_viewport",9,2,"example+test"
"sf","st_voronoi",9,2,"example+test"
"sf","str",9,2,"test+vignette"
"stars","data.frame",9,6,"example+test"
"terra","interpolate",9,1,"example"
"terra","north",9,2,"example"
"terra","rasterize",9,6,"example+test"
"terra","roll",9,2,"example+test"
"terra","sbar",9,2,"example"
"terra","setValues",9,3,"example+test"
"terra","subset",9,2,"example"
"terra","xyFromCell",9,4,"example+test"
"terra","ymax",9,3,"example+test"
"terra","ymin",9,3,"example+test"
"vapour","vapour_driver",9,4,"example+test+vignette"
"gdalraster","dump_open_datasets",8,2,"example+test"
"gdalraster","g_get_geom",8,2,"example+test"
"gdalraster","g_simplify",8,2,"example+test"
"gdalraster","has_spatialite",8,8,"example+test"
"gdalraster","inspectDataset",8,3,"example+test+vignette"
"gdalraster","mdim_translate",8,2,"example+test"
"gdalraster","srs_is_projected",8,4,"example+test"
"gdalraster","warp",8,2,"example+test"
"geos","geos_basic_strtree",8,2,"example+test"
"geos","geos_basic_strtree_query",8,2,"example+test"
"geos","geos_make_collection",8,2,"example+test"
"geos","geos_make_linestring",8,3,"example+test"
"geos","geos_set_srid",8,3,"test"
"geos","plot",8,3,"example+test"
"geos","wk_handle",8,2,"example+test"
"s2","as_s2_cell_union",8,1,"test"
"s2","character",8,5,"test"
"s2","new_s2_cell_union",8,2,"test"
"s2","s2_cell_child",8,2,"test"
"s2","s2_convex_hull_agg",8,2,"example+test"
"s2","s2_earth_radius_meters",8,4,"example+test"
"s2","s2_max_distance",8,2,"example+test"
"s2","s2_plot",8,2,"example+test"
"sf","head",8,6,"example+test+vignette"
"sf","is.na",8,7,"test"
"sf","st_combine",8,6,"example+test"
"stars","geom_stars",8,5,"example+test+vignette"
"terra","activeCat",8,3,"example"
"terra","all.equal",8,4,"example+test"
"terra","cells",8,2,"example+test"
"terra","has.z",8,2,"example+test"
"terra","intersect",8,4,"example+test"
"terra","mask",8,3,"example+test"
"terra","net_directed",8,4,"example+test"
"terra","terraOptions",8,2,"example+test"
"terra","window",8,3,"example+test"
"terra","xmax",8,2,"example+test"
"tmap","tm_legend",8,7,"example"
"vapour","sds_boilerplate_checks",8,1,"test"
"vapour","vapour_crs_is_lonlat",8,2,"example+test"
"vapour","vapour_read_geometry_ij",8,1,"test"
"gdalraster","combine",7,4,"example+test"
"gdalraster","copyDatasetFiles",7,4,"example+test"
"gdalraster","dt_union_with_value",7,2,"example+test"
"gdalraster","g_convex_hull",7,2,"example+test"
"gdalraster","g_normalize",7,2,"example+test"
"gdalraster","g_segmentize",7,2,"example+test"
"gdalraster","g_summary",7,2,"example+test"
"gdalraster","g_swap_xy",7,2,"example+test"
"gdalraster","g_unary_union",7,2,"example+test"
"gdalraster","get_cache_used",7,2,"example+test"
"gdalraster","gt_from_dim_bbox",7,2,"example+test"
"gdalraster","sieveFilter",7,2,"example+test"
"gdalraster","srs_epsg_treats_as_northing_easting",7,2,"example+test"
"geos","geos_clearance_line_between",7,2,"example+test"
"geos","geos_make_valid",7,2,"example+test"
"geos","geos_offset_curve",7,2,"example+test"
"geos","geos_polygonize",7,2,"example+test"
"geos","geos_read_wkb",7,1,"test"
"geos","rep",7,3,"test"
"s2","as.character",7,2,"test"
"s2","expect_near",7,2,"test"
"s2","s2_centroid_agg",7,2,"example+test"
"s2","s2_covered_by",7,2,"example+test"
"s2","s2_disjoint",7,2,"example+test"
"s2","s2_length",7,2,"example+test"
"s2","s2_perimeter",7,2,"example+test"
"s2","s2_prepared_dwithin",7,1,"test"
"s2","s2_x",7,3,"example+test"
"sf","merge",7,3,"example+test+vignette"
"sf","points",7,3,"example+test+vignette"
"sf","st_axis_order",7,2,"example+test"
"sf","st_crop",7,2,"example+test"
"sf","st_graticule",7,4,"example+test+vignette"
"sf","st_m_range",7,2,"example+test"
"sf","st_make_valid",7,3,"example+test"
"sf","st_shift_longitude",7,2,"example+test"
"sf","st_triangulate",7,3,"example+test"
"stars","cut",7,2,"example+test"
"stars","length",7,3,"test"
"terra","as.data.frame",7,7,"example+test"
"terra","costDist",7,2,"example+test"
"terra","flowAccumulation",7,2,"example+test"
"terra","gridDist",7,2,"example+test"
"terra","is.factor",7,3,"example+test"
"terra","lapp",7,1,"example"
"terra","merge",7,2,"example"
"terra","writeVector",7,3,"example+test"
"tmap","tm_layout",7,7,"example"
"vapour","vapour_layer_info",7,3,"example+test"
"vapour","vapour_write_raster_block",7,2,"example+test"
"gdalraster","bbox_from_dim_gt",6,3,"example+test"
"gdalraster","dem_proc",6,4,"example+test"
"gdalraster","g_geodesic_area",6,1,"test"
"gdalraster","g_geodesic_length",6,1,"test"
"gdalraster","gdal_get_driver_md",6,4,"example+test"
"gdalraster","lib_versions",6,2,"example+test"
"gdalraster","mdim_info",6,3,"example+test"
"gdalraster","srs_get_axes",6,2,"example+test"
"gdalraster","srs_get_axes_count",6,2,"example+test"
"geos","[[",6,2,"test"
"geos","format",6,2,"test"
"geos","geos_num_geometries",6,4,"example+test"
"geos","geos_orientation_index",6,2,"example+test"
"geos","geos_read_hex",6,1,"test"
"geos","geos_relate_pattern_create",6,2,"example+test"
"geos","geos_voronoi_edges",6,2,"example+test"
"geos","geos_voronoi_polygons",6,2,"example+test"
"s2","s2_covering_cell_ids",6,2,"test"
"s2","s2_dimension",6,3,"example+test"
"s2","s2_y",6,2,"example+test"
"sf","st_as_s2",6,3,"example+test+vignette"
"sf","st_exterior_ring",6,1,"test"
"sf","st_normalize",6,2,"example+test"
"sf","st_sym_difference",6,4,"test+vignette"
"sf","st_wrap_dateline",6,4,"example+test"
"stars","st_tile",6,2,"example+test"
"terra","adjacent",6,2,"example+test"
"terra","buffer",6,4,"example+test"
"terra","crosstab",6,2,"example+test"
"terra","depth",6,2,"example"
"terra","disagg",6,5,"example"
"terra","erase",6,3,"example+test"
"terra","flowDir",6,2,"example"
"terra","geomtype",6,4,"example+test"
"terra","has.time",6,1,"test"
"terra","layerCor",6,2,"example+test"
"terra","legend_cont",6,1,"example"
"terra","mosaic",6,2,"example+test"
"terra","net_edges",6,2,"test"
"terra","nseg",6,2,"example+test"
"terra","pitfinder",6,3,"example+test"
"terra","units",6,2,"example"
"terra","writeNetwork",6,2,"example+test"
"tmap","tm_basemap",6,2,"example"
"tmap","tm_graticules",6,2,"example"
"tmap","tm_scale_continuous",6,4,"example"
"tmap","tm_scale_intervals",6,4,"example"
"tmap","tm_vars",6,2,"example"
"tmap","tmap_style",6,2,"example"
"vapour","vapour_read_geometry_ia",6,1,"test"
"vapour","vapour_sds_names",6,4,"example+test"
"vapour","vapour_vrt",6,4,"example+test"
"gdalraster","bandCopyWholeRaster",5,2,"example+test"
"gdalraster","g_is_ring",5,1,"test"
"gdalraster","get_pixel_line",5,2,"example+test"
"gdalraster","ogr_def_geom_field",5,2,"test"
"gdalraster","ogr_ds_field_domain_names",5,2,"test"
"gdalraster","srs_is_dynamic",5,2,"example+test"
"gdalraster","srs_is_geographic",5,2,"example+test"
"gdalraster","srs_to_projjson",5,2,"example+test"
"gdalraster","vsi_get_file_metadata",5,4,"example+test+vignette"
"gdalraster","vsi_get_fs_options",5,2,"example+test"
"geos","geos_basic_strtree_size",5,2,"example+test"
"geos","geos_is_clockwise",5,1,"test"
"geos","geos_make_point",5,2,"example+test"
"geos","geos_segment_intersection",5,2,"example+test"
"geos","geos_srid",5,5,"example+test"
"geos","geos_xmax",5,3,"example+test"
"geos","geos_xmin",5,3,"example+test"
"geos","geos_ymax",5,3,"example+test"
"geos","geos_ymin",5,3,"example+test"
"geos","new_data_frame",5,2,"test"
"geos","recycle_common",5,1,"test"
"s2","recycle_common",5,1,"test"
"s2","s2_as_binary",5,3,"example+test"
"s2","s2_cell_is_valid",5,1,"test"
"s2","s2_cell_union_intersects",5,1,"test"
"s2","s2_closest_edges",5,2,"example+test"
"s2","s2_covering_cell_ids_agg",5,1,"test"
"s2","s2_distance_matrix",5,2,"example+test"
"s2","s2_max_distance_matrix",5,2,"example+test"
"s2","s2_minimum_clearance_line_between",5,2,"example+test"
"s2","s2_point_on_surface",5,2,"example+test"
"s2","s2_project_normalized",5,2,"example+test"
"sf","as_Spatial",5,2,"example+test"
"sf","character",5,3,"test"
"sf","factor",5,5,"test"
"sf","gdal_addo",5,1,"test"
"sf","is_driver_can",5,2,"test"
"sf","sf_project",5,2,"test"
"sf","st_boundary",5,3,"test+vignette"
"sf","st_dimension",5,4,"example+test"
"sf","st_is_simple",5,5,"example+test+vignette"
"sf","st_jitter",5,2,"example+test"
"sf","st_line_merge",5,3,"example+test"
"sf","st_node",5,2,"example+test"
"sf","st_point_on_surface",5,3,"example+test"
"sf","st_within",5,4,"test+vignette"
"stars","aperm",5,4,"example+test"
"stars","st_crop",5,3,"example+test"
"stars","st_res",5,1,"example"
"stars","st_rgb",5,2,"example"
"terra","RGB",5,2,"example+test"
"terra","approximate",5,3,"example+test"
"terra","as.points",5,4,"example"
"terra","cellFromXY",5,4,"example+test"
"terra","cellSize",5,4,"example+test"
"terra","extractRange",5,3,"example+test"
"terra","fillHoles",5,2,"example+test"
"terra","hull",5,1,"example"
"terra","inset",5,1,"example"
"terra","is.lonlat",5,1,"example"
"terra","linearUnits",5,1,"example"
"terra","minmax",5,4,"example+test"
"terra","plotRGB",5,2,"example+test"
"terra","shift",5,4,"example"
"terra","sources",5,3,"example+test"
"terra","timeInfo",5,2,"example+test"
"tmap","tm_grid",5,1,"example"
"tmap","tm_scale_categorical",5,3,"example"
"tmap","tmap_save",5,1,"example"
"vapour","gdal_raster_data",5,1,"example"
"vapour","vapour_layer_names",5,3,"example+test"
"vapour","vapour_read_raster_block",5,3,"example+test"
"gdalraster","addFilesInZip",4,4,"example+test"
"gdalraster","autoCreateWarpedVRT",4,2,"example+test"
"gdalraster","bbox_union",4,2,"example+test"
"gdalraster","displayRAT",4,3,"example+test+vignette"
"gdalraster","fillNodata",4,2,"example+test"
"gdalraster","g_invalid_reason",4,2,"example+test"
"gdalraster","gdal_global_reg_names",4,4,"example+test"
"gdalraster","ogr_ds_format",4,2,"example+test"
"gdalraster","plot_geom",4,3,"example+test"
"gdalraster","proj_search_paths",4,2,"example+test"
"gdalraster","proj_version",4,4,"example+test"
"gdalraster","rasterize",4,2,"example+test"
"gdalraster","read_to_nativeRaster",4,2,"example+test"
"gdalraster","set_cache_max",4,2,"example+test"
"gdalraster","srs_epsg_treats_as_lat_long",4,2,"example+test"
"gdalraster","srs_find_epsg",4,2,"example+test"
"gdalraster","srs_get_angular_units",4,2,"example+test"
"gdalraster","srs_get_area_of_use",4,2,"example+test"
"gdalraster","srs_get_linear_units",4,2,"example+test"
"gdalraster","srs_get_utm_zone",4,2,"example+test"
"gdalraster","srs_info_from_db",4,2,"example+test"
"gdalraster","srs_is_compound",4,2,"example+test"
"gdalraster","srs_is_vertical",4,3,"example+test"
"gdalraster","vsi_copy_file",4,4,"example+test"
"gdalraster","vsi_curl_clear_cache",4,3,"example+test"
"gdalraster","vsi_stat_exists",4,3,"example+test"
"gdalraster","vsi_unlink_batch",4,2,"example+test"
"geos","geos_delaunay_edges",4,2,"example+test"
"geos","geos_delaunay_triangles",4,2,"example+test"
"geos","geos_distance_frechet",4,1,"test"
"geos","geos_equals_exact",4,1,"test"
"geos","geos_hilbert_code",4,1,"test"
"geos","geos_interpolate",4,2,"example+test"
"geos","geos_interpolate_normalized",4,2,"example+test"
"geos","geos_intersection",4,2,"example+test"
"geos","geos_length",4,4,"example+test"
"geos","geos_minimum_bounding_circle",4,2,"example+test"
"geos","geos_polygon_hull_simplify",4,1,"test"
"geos","geos_polygonize_full",4,1,"test"
"geos","geos_project",4,2,"example+test"
"geos","geos_ring_n",4,2,"example+test"
"geos","geos_shared_paths",4,2,"example+test"
"geos","geos_strtree_data",4,1,"test"
"geos","geos_strtree_query",4,1,"test"
"geos","geos_unary_union",4,3,"example+test"
"geos","geos_unary_union_prec",4,2,"test"
"geos","geos_union_prec",4,1,"test"
"geos","numeric",4,1,"test"
"geos","print",4,2,"test"
"s2","plot",4,1,"test"
"s2","s2_cell_common_ancestor_level_agg",4,1,"test"
"s2","s2_cell_may_intersect",4,1,"test"
"s2","s2_dwithin_matrix",4,1,"test"
"s2","s2_geography",4,2,"test"
"s2","s2_interpolate_normalized",4,2,"example+test"
"s2","s2_intersects_matrix",4,2,"example+test"
"s2","s2_make_line",4,2,"example+test"
"s2","s2_projection_mercator",4,1,"test"
"s2","s2_rebuild_agg",4,1,"test"
"s2","s2_touches",4,2,"example+test"
"s2","str",4,3,"test"
"sf","is_driver_available",4,1,"test"
"sf","st_contains",4,4,"test+vignette"
"sf","st_covered_by",4,3,"test+vignette"
"sf","st_disjoint",4,4,"test+vignette"
"sf","st_is_longlat",4,1,"test"
"sf","st_reverse",4,2,"example+test"
"sf","st_set_geometry",4,3,"example+test"
"sf","st_snap",4,2,"example+test"
"sf","st_touches",4,4,"test+vignette"
"stars","dimnames",4,2,"test"
"stars","read_mdim",4,3,"example+test"
"stars","st_area",4,2,"test+vignette"
"stars","st_coordinates",4,3,"example+test"
"terra","add_mtext",4,1,"example"
"terra","boundaries",4,2,"example+test"
"terra","cats",4,1,"test"
"terra","cover",4,2,"example+test"
"terra","datatype",4,2,"example"
"terra","densify",4,3,"example+test"
"terra","divide",4,2,"example+test"
"terra","extend",4,1,"example"
"terra","flip",4,2,"example"
"terra","focalMat",4,2,"example+test"
"terra","halo",4,1,"example"
"terra","hist",4,2,"example"
"terra","k_means",4,2,"example+test"
"terra","prcomp",4,3,"example"
"terra","query",4,1,"example"
"terra","rapp",4,1,"example"
"terra","split",4,2,"example"
"terra","svc",4,3,"example"
"terra","thresh",4,2,"example+test"
"terra","union",4,2,"example+test"
"terra","writeCDF",4,1,"example"
"tmap","tm_animate",4,2,"example"
"tmap","tm_circles",4,1,"example"
"tmap","tm_legend_hide",4,1,"example"
"tmap","tm_text",4,3,"example"
"vapour","gdal_dsn_read_geom_all",4,1,"test"
"vapour","vapour_all_drivers",4,4,"example+test+vignette"
"vapour","vapour_gdal_version",4,4,"example+test+vignette"
"vapour","vapour_raster_gcp",4,2,"example+test"
"vapour","vapour_warp_raster_dbl",4,2,"test"
"gdalraster","apply_geotransform",3,2,"example+test"
"gdalraster","bbox_intersect",3,2,"example+test"
"gdalraster","bbox_transform",3,2,"example+test"
"gdalraster","buildVRT",3,3,"example+test"
"gdalraster","createColorRamp",3,2,"example+test"
"gdalraster","dt_union",3,2,"example+test"
"gdalraster","eastness",3,1,"test"
"gdalraster","http_enabled",3,3,"example+test"
"gdalraster","make_chunk_index",3,2,"example+test"
"gdalraster","northness",3,1,"test"
"gdalraster","pop_error_handler",3,3,"example+test"
"gdalraster","proj_networking",3,2,"example+test"
"gdalraster","push_error_handler",3,3,"example+test"
"gdalraster","renameDataset",3,2,"example+test"
"gdalraster","srs_get_axis_mapping_strategy",3,2,"example+test"
"gdalraster","srs_get_celestial_body_name",3,1,"test"
"gdalraster","srs_is_derived_gcs",3,2,"example+test"
"gdalraster","srs_is_geocentric",3,2,"example+test"
"gdalraster","validateCreationOptions",3,2,"example+test"
"gdalraster","vsi_get_actual_url",3,3,"example+test"
"gdalraster","vsi_get_signed_url",3,3,"example+test"
"gdalraster","vsi_stat_size",3,3,"example+test"
"gdalraster","vsi_sync",3,2,"example+test"
"geodata","sp_occurrence",3,1,"example"
"geos","as_geos_strtree",3,1,"test"
"geos","geos_boundary",3,2,"example+test"
"geos","geos_centroid",3,2,"example+test"
"geos","geos_contains",3,2,"test"
"geos","geos_convex_hull",3,2,"example+test"
"geos","geos_difference_prec",3,1,"test"
"geos","geos_dimension",3,2,"example+test"
"geos","geos_equals_exact_any",3,1,"test"
"geos","geos_equals_exact_matrix",3,1,"test"
"geos","geos_geometry_n",3,2,"example+test"
"geos","geos_intersection_prec",3,1,"test"
"geos","geos_is_closed",3,2,"example+test"
"geos","geos_maximum_inscribed_circle_spec",3,1,"test"
"geos","geos_nearest",3,1,"test"
"geos","geos_normalize",3,1,"test"
"geos","geos_num_interior_rings",3,2,"example+test"
"geos","geos_point_n",3,1,"test"
"geos","geos_polygonize_cut_edges",3,2,"example+test"
"geos","geos_prepared_intersects",3,1,"test"
"geos","geos_read_geojson",3,1,"test"
"geos","geos_relate_pattern_match",3,2,"example+test"
"geos","geos_simplify",3,2,"example+test"
"geos","geos_simplify_preserve_topology",3,2,"example+test"
"geos","geos_snap",3,2,"example+test"
"geos","geos_sym_difference_prec",3,1,"test"
"geos","geos_union",3,2,"example+test"
"geos","geos_write_geojson",3,1,"test"
"geos","geos_write_xy",3,1,"test"
"geos","geos_x",3,2,"example+test"
"geos","str",3,2,"test"
"geos","validate_geos_geometry",3,1,"test"
"s2","new_s2_geography",3,2,"test"
"s2","s2_cell_contains",3,1,"test"
"s2","s2_cell_debug_string",3,1,"test"
"s2","s2_cell_distance",3,1,"test"
"s2","s2_cell_invalid",3,1,"test"
"s2","s2_cell_max_distance",3,1,"test"
"s2","s2_cell_polygon",3,2,"test"
"s2","s2_closest_feature",3,2,"example+test"
"s2","s2_closest_point",3,2,"example+test"
"s2","s2_contains_matrix",3,1,"test"
"s2","s2_covered_by_matrix",3,1,"test"
"s2","s2_covers_matrix",3,1,"test"
"s2","s2_disjoint_matrix",3,1,"test"
"s2","s2_equals_matrix",3,1,"test"
"s2","s2_geog_point",3,3,"example+test"
"s2","s2_intersects_matrix_brute_force",3,1,"test"
"s2","s2_projection_orthographic",3,1,"test"
"s2","s2_within_matrix",3,1,"test"
"s2","s2_world_plate_carree",3,2,"example+test"
"sf","duplicated",3,2,"example+test"
"sf","format",3,2,"test"
"sf","rawToHex",3,1,"test"
"sf","st_covers",3,3,"test+vignette"
"sf","st_crosses",3,3,"test+vignette"
"sf","st_drop_geometry",3,2,"test"
"sf","st_equals_exact",3,3,"test+vignette"
"sf","st_filter",3,2,"example+test"
"sf","st_line_interpolate",3,1,"example"
"sf","t",3,2,"test"
"sf","transform",3,2,"example+test"
"stars","%in%",3,2,"test"
"stars","as.POSIXct",3,2,"example+test"
"stars","format",3,1,"example"
"stars","is.na",3,3,"test"
"stars","predict",3,2,"example+test"
"stars","seq",3,3,"example+vignette"
"stars","st_dim_to_attr",3,1,"example"
"stars","st_flip",3,1,"example"
"stars","st_geotransform",3,1,"example"
"stars","st_xy2sfc",3,3,"test+vignette"
"stars","write_mdim",3,2,"example+test"
"terra","NIDP",3,2,"example+test"
"terra","add_box",3,2,"example"
"terra","animate",3,1,"example"
"terra","boxplot",3,1,"example"
"terra","cellFromRowCol",3,1,"example"
"terra","clamp",3,3,"example+test"
"terra","colorize",3,1,"example"
"terra","coltab",3,1,"example"
"terra","compareGeom",3,2,"example"
"terra","depthName",3,2,"example"
"terra","diff",3,3,"example+test"
"terra","direction",3,2,"example+test"
"terra","focalPairs",3,1,"example"
"terra","focalValues",3,2,"example+test"
"terra","furdist",3,1,"example"
"terra","graticule",3,2,"example"
"terra","identical",3,1,"example"
"terra","is.bool",3,1,"example"
"terra","is.empty",3,2,"example+test"
"terra","isTRUE",3,2,"test"
"terra","map.pal",3,1,"example"
"terra","not.na",3,2,"example+test"
"terra","pitfiller",3,1,"example"
"terra","polys",3,2,"example"
"terra","quantile",3,2,"example"
"terra","rasterizeGeom",3,1,"example"
"terra","regress",3,1,"example"
"terra","scale_linear",3,2,"example+test"
"terra","scoff",3,1,"example"
"terra","segregate",3,2,"example+test"
"terra","selectHighest",3,2,"example+test"
"terra","selectRange",3,2,"example+test"
"terra","shade",3,2,"example+test"
"terra","sieve",3,2,"example+test"
"terra","sprc",3,3,"example"
"tmap","tm_bubbles",3,2,"example"
"tmap","tm_facets",3,2,"example"
"tmap","tm_fill",3,2,"example"
"tmap","tm_pos_in",3,3,"example"
"tmap","tm_scale",3,2,"example"
"tmap","tm_scale_asis",3,3,"example"
"tmap","tm_style",3,2,"example"
"tmap","tm_symbols",3,3,"example"
"tmap","tm_title",3,3,"example"
"tmap","tmap_arrange",3,3,"example"
"vapour","vapour_read_raster_dbl",3,2,"example+test"
"vapour","vapour_read_raster_int",3,2,"example+test"
"vapour","vapour_read_raster_raw",3,2,"example+test"
"vapour","vapour_srs_wkt",3,3,"example"
"vapour","vapour_warp_raster_raw",3,2,"example+test"
"gdalraster","dt_find",2,2,"example+test"
"gdalraster","footprint",2,2,"example+test"
"gdalraster","get_num_cpus",2,2,"example+test"
"gdalraster","get_usable_physical_ram",2,2,"example+test"
"gdalraster","has_geos",2,2,"example+test"
"gdalraster","ogr_ds_delete_field_domain",2,1,"test"
"gdalraster","ogr_field_index",2,1,"test"
"gdalraster","ogr_layer_rename",2,2,"test+vignette"
"gdalraster","srs_get_coord_epoch",2,1,"test"
"gdalraster","srs_get_name",2,2,"example+test"
"gdalraster","translate",2,2,"example+test"
"gdalraster","vsi_get_disk_free_space",2,2,"example+test"
"gdalraster","vsi_get_fs_prefixes",2,2,"example+test"
"gdalraster","vsi_glob",2,2,"example+test"
"gdalraster","vsi_is_local",2,2,"example+test"
"gdalraster","vsi_rename",2,2,"example+test"
"gdalraster","vsi_stat_type",2,2,"example+test"
"gdalraster","vsi_supports_rnd_write",2,2,"example+test"
"gdalraster","vsi_supports_seq_write",2,2,"example+test"
"gdalraster","vsi_uri_to_vsi_path",2,2,"example+test"
"geodata","country_codes",2,1,"example"
"geos","as.character",2,2,"test"
"geos","as_xy",2,1,"test"
"geos","geos_basic_strtree_finalized",2,1,"test"
"geos","geos_build_area",2,2,"example+test"
"geos","geos_coordinate_dimension",2,2,"example+test"
"geos","geos_create_rectangle",2,1,"test"
"geos","geos_densify",2,1,"test"
"geos","geos_difference",2,2,"example+test"
"geos","geos_disjoint",2,1,"test"
"geos","geos_disjoint_any",2,1,"test"
"geos","geos_distance",2,1,"test"
"geos","geos_distance_hausdorff",2,1,"test"
"geos","geos_envelope",2,2,"example+test"
"geos","geos_has_z",2,2,"example+test"
"geos","geos_inner_join",2,2,"example+test"
"geos","geos_intersects_matrix",2,1,"test"
"geos","geos_is_ring",2,2,"example+test"
"geos","geos_is_simple",2,2,"example+test"
"geos","geos_is_valid",2,2,"example+test"
"geos","geos_is_valid_detail",2,2,"example+test"
"geos","geos_line_merge",2,1,"test"
"geos","geos_make_valid_params",2,1,"test"
"geos","geos_merge_lines",2,2,"example+test"
"geos","geos_minimum_clearance",2,2,"example+test"
"geos","geos_minimum_clearance_line",2,2,"example+test"
"geos","geos_minimum_rotated_rectangle",2,2,"example+test"
"geos","geos_minimum_width",2,2,"example+test"
"geos","geos_nearest_frechet",2,1,"test"
"geos","geos_nearest_hausdorff",2,1,"test"
"geos","geos_node",2,2,"example+test"
"geos","geos_num_coordinates",2,2,"example+test"
"geos","geos_num_rings",2,2,"example+test"
"geos","geos_point_end",2,2,"example+test"
"geos","geos_point_on_surface",2,2,"example+test"
"geos","geos_point_start",2,2,"example+test"
"geos","geos_polygonize_valid",2,2,"example+test"
"geos","geos_prepared_disjoint",2,1,"test"
"geos","geos_project_normalized",2,2,"example+test"
"geos","geos_relate",2,2,"example+test"
"geos","geos_relate_pattern",2,2,"example+test"
"geos","geos_reverse",2,2,"example+test"
"geos","geos_sym_difference",2,2,"example+test"
"geos","geos_type_id",2,2,"example+test"
"geos","geos_unique_points",2,2,"example+test"
"geos","geos_y",2,2,"example+test"
"geos","geos_z",2,2,"example+test"
"geos","sanitize_double",2,1,"test"
"geos","sanitize_double_scalar",2,1,"test"
"geos","sanitize_geos_geometry",2,1,"test"
"geos","sanitize_geos_strtree",2,1,"test"
"geos","sanitize_integer",2,1,"test"
"geos","sanitize_integer_scalar",2,1,"test"
"s2","expect_wkt_serializeable",2,1,"test"
"s2","new_data_frame",2,2,"test"
"s2","s2_cell_edge_neighbour",2,1,"test"
"s2","s2_cell_union_normalize",2,1,"test"
"s2","s2_contains_matrix_brute_force",2,1,"test"
"s2","s2_covered_by_matrix_brute_force",2,1,"test"
"s2","s2_covers_matrix_brute_force",2,1,"test"
"s2","s2_disjoint_matrix_brute_force",2,1,"test"
"s2","s2_dwithin_matrix_brute_force",2,1,"test"
"s2","s2_equals_matrix_brute_force",2,1,"test"
"s2","s2_farthest_feature",2,2,"example+test"
"s2","s2_geography_serialize",2,1,"test"
"s2","s2_geography_unserialize",2,1,"test"
"s2","s2_interpolate",2,2,"example+test"
"s2","s2_project",2,2,"example+test"
"s2","s2_simplify",2,1,"test"
"s2","s2_snap_to_grid",2,2,"example+test"
"s2","s2_tessellate_tol_default",2,1,"test"
"s2","s2_within_matrix_brute_force",2,1,"test"
"s2","sort",2,1,"test"
"s2","stop_problems_create",2,1,"test"
"s2","stop_problems_process",2,1,"test"
"s2","unique",2,2,"test"
"s2","wk_handle",2,1,"test"
"sf","SpatialPolygons",2,2,"example+test"
"sf","delete_postgis_crs",2,1,"test"
"sf","ewkt_to_wkt",2,1,"test"
"sf","gdal_subdatasets",2,1,"test"
"sf","get_new_postgis_srid",2,1,"test"
"sf","st_geometry_type",2,1,"test"
"sf","st_is_full",2,1,"test"
"sf","st_line_project",2,1,"example"
"sf","st_perimeter",2,1,"example"
"stars","head",2,2,"test"
"stars","make_intervals",2,2,"example+test"
"stars","prcomp",2,1,"example"
"stars","st_join",2,1,"test"
"stars","st_mosaic",2,2,"example+test"
"stars","st_raster_type",2,1,"example"
"stars","units",2,2,"test+vignette"
"terra","NAflag",2,1,"example"
"terra","align",2,1,"example"
"terra","as.bool",2,2,"example+test"
"terra","as.contour",2,1,"example"
"terra","as.list",2,1,"example"
"terra","barplot",2,1,"example"
"terra","bestMatch",2,1,"example"
"terra","cartogram",2,1,"example"
"terra","catalyze",2,2,"example+test"
"terra","combineGeoms",2,1,"example"
"terra","compare",2,1,"example"
"terra","contour",2,1,"example"
"terra","convHull",2,2,"example"
"terra","countNA",2,1,"example"
"terra","depthUnit",2,2,"example"
"terra","describe",2,1,"example"
"terra","focal3D",2,1,"example"
"terra","focalCpp",2,1,"example"
"terra","gaps",2,2,"example"
"terra","gdal",2,1,"example"
"terra","has.RGB",2,1,"example"
"terra","has.colors",2,1,"example"
"terra","hasValues",2,1,"example"
"terra","image",2,1,"example"
"terra","inMemory",2,1,"example"
"terra","is.int",2,1,"example"
"terra","makeTiles",2,2,"example"
"terra","makeValid",2,1,"example"
"terra","modal",2,2,"example+test"
"terra","nearby",2,2,"example+test"
"terra","nsrc",2,1,"example"
"terra","origin",2,1,"example"
"terra","pairs",2,2,"example"
"terra","panel",2,1,"example"
"terra","perim",2,2,"example+test"
"terra","princomp",2,1,"example"
"terra","projPaths",2,1,"example"
"terra","rasterizeWin",2,1,"example"
"terra","rcl",2,1,"example"
"terra","resample",2,2,"example"
"terra","rotate",2,1,"example"
"terra","rowSums",2,2,"example"
"terra","same.crs",2,1,"example"
"terra","sapp",2,1,"example"
"terra","scale",2,2,"example"
"terra","sel",2,1,"example"
"terra","set.ext",2,2,"example"
"terra","set.values",2,1,"example"
"terra","sharedPaths",2,1,"example"
"terra","simplifyGeom",2,2,"example+test"
"terra","snapTo",2,1,"example"
"terra","spin",2,1,"example"
"terra","stdev",2,1,"example"
"terra","stretch",2,1,"example"
"terra","tapp",2,1,"example"
"terra","thin",2,1,"example"
"terra","trans",2,1,"example"
"terra","varnames",2,2,"example+test"
"terra","voronoi",2,2,"example"
"terra","weighted.mean",2,1,"example"
"terra","where.min",2,2,"example+test"
"terra","which.lyr",2,2,"example+test"
"terra","width",2,1,"example"
"terra","xFromCol",2,1,"example"
"terra","xres",2,2,"example+test"
"terra","yFromRow",2,1,"example"
"terra","yres",2,2,"example+test"
"tmap","renderTmap",2,1,"example"
"tmap","tm_compass",2,2,"example"
"tmap","tm_crs",2,1,"example"
"tmap","tm_format",2,1,"example"
"tmap","tm_inset",2,1,"example"
"tmap","tm_lines",2,1,"example"
"tmap","tm_logo",2,1,"example"
"tmap","tm_pos_out",2,2,"example"
"tmap","tm_raster",2,1,"example"
"tmap","tm_scale_rgb",2,1,"example"
"tmap","tmapOutput",2,1,"example"
"tmap","tmap_animation",2,1,"example"
"tmap","tmap_options",2,1,"example"
"vapour","vapour_create",2,2,"example+test"
"vapour","vapour_get_config",2,1,"example"
"vapour","vapour_layer_extent",2,2,"example+test"
"vapour","vapour_read_raster_chr",2,2,"example+test"
"vapour","vapour_report_fields",2,1,"example"
"vapour","vapour_set_config",2,1,"example"
"vapour","vapour_vsi_list",2,2,"example+test"
"vapour","vapour_warp_raster_int",2,1,"test"
"vapour","vector_vrt",2,1,"example"
"gdalraster","inv_geotransform",1,1,"example"
"gdalraster","progress_bar_clear",1,1,"test"
"gdalraster","vsi_clear_path_options",1,1,"test"
"gdalraster","vsi_set_path_option",1,1,"test"
"geodata","bio_oracle",1,1,"example"
"geodata","cmip6_world",1,1,"example"
"geodata","crop_calendar_sacks",1,1,"example"
"geodata","crop_monfreda",1,1,"example"
"geodata","crop_spam",1,1,"example"
"geodata","elevation_30s",1,1,"example"
"geodata","gadm",1,1,"example"
"geodata","geodata_path",1,1,"example"
"geodata","osm",1,1,"example"
"geodata","population",1,1,"example"
"geodata","rice_calendar",1,1,"example"
"geodata","soil_af",1,1,"example"
"geodata","soil_af_elements",1,1,"example"
"geodata","soil_af_isda",1,1,"example"
"geodata","soil_af_water",1,1,"example"
"geodata","soil_world",1,1,"example"
"geodata","soil_world_vsi",1,1,"example"
"geodata","world",1,1,"example"
"geodata","worldclim_country",1,1,"example"
"geos","as.data.frame",1,1,"test"
"geos","as_wkb",1,1,"test"
"geos","as_wkt",1,1,"test"
"geos","geos_basic_strtree_query_filtered",1,1,"test"
"geos","geos_buffer_params",1,1,"test"
"geos","geos_clone",1,1,"test"
"geos","geos_concave_hull",1,1,"test"
"geos","geos_concave_hull_of_polygons",1,1,"test"
"geos","geos_constrained_delaunay_triangles",1,1,"test"
"geos","geos_contains_any",1,1,"test"
"geos","geos_contains_matrix",1,1,"test"
"geos","geos_contains_properly_any",1,1,"test"
"geos","geos_contains_properly_matrix",1,1,"test"
"geos","geos_coverage_union",1,1,"test"
"geos","geos_covered_by",1,1,"test"
"geos","geos_covered_by_any",1,1,"test"
"geos","geos_covered_by_matrix",1,1,"test"
"geos","geos_covers",1,1,"test"
"geos","geos_covers_any",1,1,"test"
"geos","geos_covers_matrix",1,1,"test"
"geos","geos_crosses",1,1,"test"
"geos","geos_crosses_any",1,1,"test"
"geos","geos_crosses_matrix",1,1,"test"
"geos","geos_disjoint_matrix",1,1,"test"
"geos","geos_distance_indexed",1,1,"test"
"geos","geos_envelope_rct",1,1,"test"
"geos","geos_equals_any",1,1,"test"
"geos","geos_equals_matrix",1,1,"test"
"geos","geos_extent",1,1,"test"
"geos","geos_intersects",1,1,"test"
"geos","geos_intersects_any",1,1,"test"
"geos","geos_is_within_distance",1,1,"test"
"geos","geos_largest_empty_circle_spec",1,1,"test"
"geos","geos_largest_empty_crc",1,1,"test"
"geos","geos_line_merge_directed",1,1,"test"
"geos","geos_maximum_inscribed_crc",1,1,"test"
"geos","geos_minimum_bounding_crc",1,1,"test"
"geos","geos_nearest_error",1,1,"test"
"geos","geos_nearest_indexed",1,1,"test"
"geos","geos_overlaps",1,1,"test"
"geos","geos_overlaps_any",1,1,"test"
"geos","geos_overlaps_matrix",1,1,"test"
"geos","geos_precision",1,1,"test"
"geos","geos_prepared_contains",1,1,"test"
"geos","geos_prepared_contains_properly",1,1,"test"
"geos","geos_prepared_covered_by",1,1,"test"
"geos","geos_prepared_covers",1,1,"test"
"geos","geos_prepared_crosses",1,1,"test"
"geos","geos_prepared_distance",1,1,"test"
"geos","geos_prepared_is_within_distance",1,1,"test"
"geos","geos_prepared_overlaps",1,1,"test"
"geos","geos_prepared_touches",1,1,"test"
"geos","geos_prepared_within",1,1,"test"
"geos","geos_read_xy",1,1,"test"
"geos","geos_remove_repeated_points",1,1,"test"
"geos","geos_touches",1,1,"test"
"geos","geos_touches_any",1,1,"test"
"geos","geos_touches_matrix",1,1,"test"
"geos","geos_transform_xy",1,1,"test"
"geos","geos_type",1,1,"test"
"geos","geos_within",1,1,"test"
"geos","geos_within_any",1,1,"test"
"geos","geos_within_matrix",1,1,"test"
"geos","is.na",1,1,"test"
"geos","rep_len",1,1,"test"
"geos","wk_set_crs",1,1,"test"
"s2","as.list",1,1,"test"
"s2","as_wkb",1,1,"test"
"s2","as_wkt",1,1,"test"
"s2","format",1,1,"test"
"s2","is.numeric",1,1,"test"
"s2","logical",1,1,"test"
"s2","s2_buffer_cells",1,1,"test"
"s2","s2_cell_area",1,1,"test"
"s2","s2_cell_area_approx",1,1,"test"
"s2","s2_cell_boundary",1,1,"test"
"s2","s2_cell_center",1,1,"test"
"s2","s2_cell_common_ancestor_level",1,1,"test"
"s2","s2_cell_is_face",1,1,"test"
"s2","s2_cell_is_leaf",1,1,"test"
"s2","s2_cell_level",1,1,"test"
"s2","s2_cell_to_lnglat",1,1,"test"
"s2","s2_cell_union_difference",1,1,"test"
"s2","s2_cell_union_intersection",1,1,"test"
"s2","s2_cell_union_union",1,1,"test"
"s2","s2_cell_vertex",1,1,"test"
"s2","s2_convex_hull",1,1,"test"
"s2","s2_hemisphere",1,1,"test"
"s2","s2_is_valid",1,1,"test"
"s2","s2_is_valid_detail",1,1,"test"
"s2","s2_may_intersect_matrix",1,1,"test"
"s2","s2_snap_precision",1,1,"test"
"s2","s2_touches_matrix",1,1,"test"
"s2","s2_trans_lnglat",1,1,"test"
"s2","s2_trans_point",1,1,"test"
"sf","CRS",1,1,"test"
"sf","as.matrix",1,1,"test"
"sf","dbWriteTable",1,1,"test"
"sf","gdal_crs",1,1,"test"
"sf","gdal_inv_geotransform",1,1,"test"
"sf","gdal_read",1,1,"test"
"sf","get_crs_ewkt",1,1,"test"
"sf","is_ewkt",1,1,"test"
"sf","obj_sum.sfc",1,1,"test"
"sf","owin",1,1,"test"
"sf","ppp",1,1,"test"
"sf","sf_add_proj_units",1,1,"example"
"sf","skip0x",1,1,"test"
"sf","st_break_antimeridian",1,1,"example"
"sf","st_contains_properly",1,1,"test"
"sf","st_inscribed_circle",1,1,"example"
"sf","st_set_agr",1,1,"test"
"sf","st_triangulate_constrained",1,1,"example"
"sf","type_sum.sfc",1,1,"test"
"sf","unique",1,1,"test"
"stars","STFDF",1,1,"test"
"stars","contour",1,1,"example"
"stars","detect.driver",1,1,"example"
"stars","drop_units",1,1,"test"
"stars","droplevels",1,1,"vignette"
"stars","factor",1,1,"example"
"stars","st_cells",1,1,"example"
"stars","st_contour",1,1,"vignette"
"stars","st_interpolate_aw",1,1,"test"
"stars","st_intersects",1,1,"test"
"stars","st_normalize",1,1,"test"
"stars","st_rotate",1,1,"example"
"stars","st_sfc2xy",1,1,"example"
"stars","tail",1,1,"test"
"stars","xts",1,1,"test"
"terra","add_abline",1,1,"example"
"terra","add_grid",1,1,"example"
"terra","add_legend",1,1,"example"
"terra","agitate",1,1,"example"
"terra","allNA",1,1,"example"
"terra","anyNA",1,1,"example"
"terra","as.array",1,1,"example"
"terra","as.arrows",1,1,"example"
"terra","as.factor",1,1,"example"
"terra","as.raster",1,1,"example"
"terra","atan2",1,1,"example"
"terra","cellFromRowColCombine",1,1,"example"
"terra","chunk",1,1,"example"
"terra","clamp_ts",1,1,"example"
"terra","clearance",1,1,"example"
"terra","click",1,1,"example"
"terra","colFromX",1,1,"example"
"terra","colMeans",1,1,"example"
"terra","colSums",1,1,"example"
"terra","concats",1,1,"example"
"terra","deepcopy",1,1,"example"
"terra","delaunay",1,1,"example"
"terra","density",1,1,"example"
"terra","dots",1,1,"example"
"terra","droplevels",1,1,"test"
"terra","elongate",1,1,"example"
"terra","extractAlong",1,1,"example"
"terra","fileBlocksize",1,1,"test"
"terra","fillTime",1,1,"example"
"terra","focalReg",1,1,"example"
"terra","forceCCW",1,1,"example"
"terra","free_RAM",1,1,"example"
"terra","gdal_has_pam",1,1,"test"
"terra","geoloc",1,1,"example"
"terra","has.geoloc",1,1,"example"
"terra","interpIDW",1,1,"example"
"terra","interpNear",1,1,"example"
"terra","is.flipped",1,1,"example"
"terra","is.lines",1,1,"example"
"terra","is.points",1,1,"example"
"terra","is.polygons",1,1,"example"
"terra","is.rotated",1,1,"example"
"terra","libVersion",1,1,"example"
"terra","longnames",1,1,"example"
"terra","make.RGB",1,1,"example"
"terra","map_extent",1,1,"example"
"terra","match",1,1,"example"
"terra","math",1,1,"example"
"terra","mem_info",1,1,"example"
"terra","mergeTime",1,1,"example"
"terra","na.omit",1,1,"example"
"terra","nearest",1,1,"test"
"terra","normalize.longitude",1,1,"example"
"terra","persp",1,1,"example"
"terra","projNetwork",1,1,"example"
"terra","rangeFill",1,1,"example"
"terra","rescale",1,1,"example"
"terra","rowColFromCell",1,1,"example"
"terra","rowFromY",1,1,"example"
"terra","serialize",1,1,"example"
"terra","set.names",1,1,"example"
"terra","simplifyLevels",1,1,"example"
"terra","size",1,1,"example"
"terra","snap",1,1,"example"
"terra","summary",1,1,"example"
"terra","surfArea",1,1,"test"
"terra","tail",1,1,"example"
"terra","tighten",1,1,"example"
"terra","tmpFiles",1,1,"example"
"terra","toMemory",1,1,"example"
"terra","trim",1,1,"example"
"terra","unserialize",1,1,"example"
"terra","viewshed",1,1,"example"
"terra","vrt",1,1,"example"
"terra","warp_scale",1,1,"example"
"terra","watershed",1,1,"example"
"terra","where.max",1,1,"test"
"terra","which.min",1,1,"example"
"terra","wrap",1,1,"example"
"terra","wrapCache",1,1,"example"
"terra","xapp",1,1,"example"
"tmap","opt_tm_text",1,1,"example"
"tmap","tm_add_legend",1,1,"example"
"tmap","tm_chart_histogram",1,1,"example"
"tmap","tm_facets_wrap",1,1,"example"
"tmap","tm_legend_combine",1,1,"example"
"tmap","tm_remove_layer",1,1,"example"
"tmap","tm_scale_continuous_pseudo_log",1,1,"example"
"tmap","tm_scalebar",1,1,"example"
"tmap","tm_sf",1,1,"example"
"tmap","tm_tiles",1,1,"example"
"tmap","tm_title_out",1,1,"example"
"tmap","tmapProxy",1,1,"example"
"tmap","tmap_leaflet",1,1,"example"
"tmap","tmap_options_diff",1,1,"example"
"tmap","tmap_options_reset",1,1,"example"
"tmap","tmap_options_save",1,1,"example"
"tmap","tmap_providers",1,1,"example"
"tmap","ttm",1,1,"example"
"vapour","buildvrt",1,1,"example"
"vapour","gdal_raster_dsn",1,1,"example"
"vapour","index_layer",1,1,"test"
"vapour","validate_limit_n",1,1,"test"
"vapour","vapour_geolocation",1,1,"example"
"vapour","vapour_geom_name",1,1,"example"
"vapour","vapour_proj_version",1,1,"example"
"vapour","vapour_read_raster_hex",1,1,"test"
"vapour","vapour_read_type",1,1,"test"
"vapour","vapour_tilexyz",1,1,"test"
"vapour","vapour_warp_raster_chr",1,1,"test"
"vapour","vapour_warp_raster_hex",1,1,"test"
